Type,Name,Request Count,Failure Count,Median Response Time,Average Response Time,Min Response Time,Max Response Time,Average Content Size,Requests/s,Failures/s,50%,66%,75%,80%,90%,95%,98%,99%,99.9%,99.99%,100%
GET,/dnd-site/dashboard.php,227,227,3,2.671787643140758,0.6076839999877848,9.533073000056902,555.0,11.936595917019693,11.936595917019693,3,3,3,3,4,5,6,7,10,10,10
POST,/dnd-site/login.php,50,50,7,7.347183619967836,1.2417039997671964,15.160138999817718,551.0,2.6292061491232803,2.6292061491232803,7,9,10,11,13,14,15,15,15,15,15
GET,/dnd-site/public/bestiary-view.php,90,90,3,2.540626577754463,0.8742949994484661,8.126985999297176,566.0,4.732571068421905,4.732571068421905,3,3,3,4,4,4,8,8,8,8,8
GET,/dnd-site/public/student-rating.php,71,71,2,2.3267846478940015,0.6136880001577083,7.149142000344,567.0,3.7334727317550582,3.7334727317550582,2,3,3,3,4,4,6,7,7,7,7
,Aggregated,438,438,3,3.122632598150045,0.6076839999877848,15.160138999817718,558.7488584474886,23.031845866319937,23.031845866319937,3,3,4,4,5,8,12,13,15,15,15
